team1,team2,toss_winner,toss_decision,venue
Royal Challengers Bangalore,Kolkata Knight Riders,Royal Challengers Bangalore,field,M Chinnaswamy Stadium
Kings XI Punjab,Chennai Super Kings,Chennai Super Kings,bat,"Punjab Cricket Association Stadium, Mohali"
Mumbai Indians,Royal Challengers Bangalore,Mumbai Indians,bat,Wankhede Stadium
Rajasthan Royals,Kings XI Punjab,Kings XI Punjab,bat,Sawai Mansingh Stadium
Chennai Super Kings,Mumbai Indians,Mumbai Indians,field,"MA Chidambaram Stadium, Chepauk"
Kings XI Punjab,Mumbai Indians,Mumbai Indians,field,"Punjab Cricket Association Stadium, Mohali"
Royal Challengers Bangalore,Rajasthan Royals,Rajasthan Royals,field,M Chinnaswamy Stadium
Chennai Super Kings,Kolkata Knight Riders,Kolkata Knight Riders,bat,"MA Chidambaram Stadium, Chepauk"
Royal Challengers Bangalore,Chennai Super Kings,Chennai Super Kings,bat,M Chinnaswamy Stadium
Kolkata Knight Riders,Mumbai Indians,Kolkata Knight Riders,bat,Eden Gardens
Rajasthan Royals,Kolkata Knight Riders,Rajasthan Royals,bat,Sawai Mansingh Stadium
Kings XI Punjab,Kolkata Knight Riders,Kings XI Punjab,bat,"Punjab Cricket Association Stadium, Mohali"
Rajasthan Royals,Chennai Super Kings,Chennai Super Kings,bat,Sawai Mansingh Stadium
Royal Challengers Bangalore,Kings XI Punjab,Kings XI Punjab,field,M Chinnaswamy Stadium
Mumbai Indians,Rajasthan Royals,Mumbai Indians,field,Dr DY Patil Sports Academy
Kolkata Knight Riders,Royal Challengers Bangalore,Kolkata Knight Riders,bat,Eden Gardens
Chennai Super Kings,Kings XI Punjab,Kings XI Punjab,field,"MA Chidambaram Stadium, Chepauk"
Kings XI Punjab,Royal Challengers Bangalore,Royal Challengers Bangalore,bat,"Punjab Cricket Association Stadium, Mohali"
Mumbai Indians,Chennai Super Kings,Mumbai Indians,field,Wankhede Stadium
Mumbai Indians,Kolkata Knight Riders,Mumbai Indians,field,Wankhede Stadium
Rajasthan Royals,Royal Challengers Bangalore,Royal Challengers Bangalore,field,Sawai Mansingh Stadium
Kolkata Knight Riders,Chennai Super Kings,Kolkata Knight Riders,bat,Eden Gardens
Kolkata Knight Riders,Rajasthan Royals,Rajasthan Royals,field,Eden Gardens
Mumbai Indians,Kings XI Punjab,Mumbai Indians,field,Wankhede Stadium
Chennai Super Kings,Royal Challengers Bangalore,Royal Challengers Bangalore,bat,"MA Chidambaram Stadium, Chepauk"
Chennai Super Kings,Rajasthan Royals,Rajasthan Royals,bat,"MA Chidambaram Stadium, Chepauk"
Kolkata Knight Riders,Kings XI Punjab,Kings XI Punjab,bat,Eden Gardens
Rajasthan Royals,Mumbai Indians,Rajasthan Royals,field,Sawai Mansingh Stadium
Royal Challengers Bangalore,Mumbai Indians,Mumbai Indians,field,M Chinnaswamy Stadium
Kings XI Punjab,Rajasthan Royals,Rajasthan Royals,field,"Punjab Cricket Association Stadium, Mohali"
Chennai Super Kings,Kings XI Punjab,Kings XI Punjab,bat,Wankhede Stadium
Chennai Super Kings,Rajasthan Royals,Rajasthan Royals,field,Dr DY Patil Sports Academy
Chennai Super Kings,Mumbai Indians,Chennai Super Kings,field,Newlands
Royal Challengers Bangalore,Rajasthan Royals,Royal Challengers Bangalore,bat,Newlands
Royal Challengers Bangalore,Chennai Super Kings,Chennai Super Kings,bat,St George's Park
Kings XI Punjab,Kolkata Knight Riders,Kolkata Knight Riders,field,Kingsmead
Kolkata Knight Riders,Rajasthan Royals,Kolkata Knight Riders,field,Newlands
Royal Challengers Bangalore,Kings XI Punjab,Royal Challengers Bangalore,bat,Kingsmead
Kings XI Punjab,Rajasthan Royals,Kings XI Punjab,bat,Newlands
Kolkata Knight Riders,Mumbai Indians,Mumbai Indians,bat,St George's Park
Royal Challengers Bangalore,Kolkata Knight Riders,Kolkata Knight Riders,bat,Kingsmead
Kings XI Punjab,Mumbai Indians,Kings XI Punjab,bat,Kingsmead
Chennai Super Kings,Rajasthan Royals,Rajasthan Royals,field,SuperSport Park
Kolkata Knight Riders,Mumbai Indians,Mumbai Indians,bat,Buffalo Park
Royal Challengers Bangalore,Kings XI Punjab,Royal Challengers Bangalore,bat,Kingsmead
Kings XI Punjab,Kolkata Knight Riders,Kolkata Knight Riders,bat,St George's Park
Royal Challengers Bangalore,Mumbai Indians,Mumbai Indians,bat,New Wanderers Stadium
Kings XI Punjab,Rajasthan Royals,Kings XI Punjab,field,Kingsmead
Royal Challengers Bangalore,Rajasthan Royals,Rajasthan Royals,field,SuperSport Park
Chennai Super Kings,Kings XI Punjab,Chennai Super Kings,bat,SuperSport Park
Chennai Super Kings,Rajasthan Royals,Rajasthan Royals,bat,De Beers Diamond Oval
Royal Challengers Bangalore,Mumbai Indians,Mumbai Indians,bat,St George's Park
Royal Challengers Bangalore,Kolkata Knight Riders,Royal Challengers Bangalore,field,SuperSport Park
Kings XI Punjab,Mumbai Indians,Kings XI Punjab,bat,SuperSport Park
Royal Challengers Bangalore,Chennai Super Kings,Chennai Super Kings,bat,Kingsmead
Mumbai Indians,Rajasthan Royals,Rajasthan Royals,bat,Kingsmead
Chennai Super Kings,Mumbai Indians,Mumbai Indians,bat,St George's Park
Chennai Super Kings,Kolkata Knight Riders,Chennai Super Kings,bat,SuperSport Park
Kolkata Knight Riders,Rajasthan Royals,Kolkata Knight Riders,field,Kingsmead
Chennai Super Kings,Kings XI Punjab,Chennai Super Kings,bat,Kingsmead
Royal Challengers Bangalore,Chennai Super Kings,Royal Challengers Bangalore,field,New Wanderers Stadium
Mumbai Indians,Rajasthan Royals,Mumbai Indians,bat,Brabourne Stadium
Kolkata Knight Riders,Royal Challengers Bangalore,Kolkata Knight Riders,field,Eden Gardens
Royal Challengers Bangalore,Kings XI Punjab,Kings XI Punjab,bat,M Chinnaswamy Stadium
Kolkata Knight Riders,Chennai Super Kings,Chennai Super Kings,bat,Eden Gardens
Royal Challengers Bangalore,Rajasthan Royals,Royal Challengers Bangalore,field,M Chinnaswamy Stadium
Rajasthan Royals,Kolkata Knight Riders,Rajasthan Royals,bat,"Sardar Patel Stadium, Motera"
Mumbai Indians,Royal Challengers Bangalore,Mumbai Indians,bat,Brabourne Stadium
Chennai Super Kings,Kings XI Punjab,Chennai Super Kings,field,"MA Chidambaram Stadium, Chepauk"
Mumbai Indians,Kolkata Knight Riders,Kolkata Knight Riders,bat,Brabourne Stadium
Royal Challengers Bangalore,Chennai Super Kings,Chennai Super Kings,field,M Chinnaswamy Stadium
Kings XI Punjab,Rajasthan Royals,Kings XI Punjab,field,"Punjab Cricket Association Stadium, Mohali"
Chennai Super Kings,Mumbai Indians,Mumbai Indians,field,"Brabourne Stadium, Mumbai"
Kings XI Punjab,Kolkata Knight Riders,Kolkata Knight Riders,bat,"Punjab Cricket Association Stadium, Mohali"
Rajasthan Royals,Chennai Super Kings,Rajasthan Royals,bat,"Sardar Patel Stadium, Motera"
Mumbai Indians,Kings XI Punjab,Mumbai Indians,field,Brabourne Stadium
Chennai Super Kings,Royal Challengers Bangalore,Royal Challengers Bangalore,bat,"MA Chidambaram Stadium, Chepauk"
Kings XI Punjab,Royal Challengers Bangalore,Kings XI Punjab,bat,"Punjab Cricket Association Stadium, Mohali"
Chennai Super Kings,Rajasthan Royals,Chennai Super Kings,bat,"MA Chidambaram Stadium, Chepauk"
Kolkata Knight Riders,Kings XI Punjab,Kolkata Knight Riders,bat,Eden Gardens
Chennai Super Kings,Mumbai Indians,Chennai Super Kings,bat,"MA Chidambaram Stadium, Chepauk"
Rajasthan Royals,Kings XI Punjab,Kings XI Punjab,bat,Sawai Mansingh Stadium
Kings XI Punjab,Mumbai Indians,Mumbai Indians,bat,"Punjab Cricket Association Stadium, Mohali"
Royal Challengers Bangalore,Kolkata Knight Riders,Royal Challengers Bangalore,field,M Chinnaswamy Stadium
Rajasthan Royals,Mumbai Indians,Rajasthan Royals,field,Sawai Mansingh Stadium
Chennai Super Kings,Kolkata Knight Riders,Kolkata Knight Riders,bat,"MA Chidambaram Stadium, Chepauk"
Rajasthan Royals,Royal Challengers Bangalore,Rajasthan Royals,bat,Sawai Mansingh Stadium
Royal Challengers Bangalore,Mumbai Indians,Royal Challengers Bangalore,field,M Chinnaswamy Stadium
Kolkata Knight Riders,Rajasthan Royals,Rajasthan Royals,bat,Eden Gardens
Kings XI Punjab,Chennai Super Kings,Chennai Super Kings,field,Himachal Pradesh Cricket Association Stadium
Kolkata Knight Riders,Mumbai Indians,Mumbai Indians,bat,Eden Gardens
Royal Challengers Bangalore,Mumbai Indians,Mumbai Indians,bat,Dr DY Patil Sports Academy
Chennai Super Kings,Mumbai Indians,Chennai Super Kings,bat,Dr DY Patil Sports Academy
Chennai Super Kings,Kolkata Knight Riders,Chennai Super Kings,bat,"MA Chidambaram Stadium, Chepauk"
Royal Challengers Bangalore,Mumbai Indians,Mumbai Indians,field,M Chinnaswamy Stadium
Kings XI Punjab,Chennai Super Kings,Kings XI Punjab,field,"Punjab Cricket Association Stadium, Mohali"
Rajasthan Royals,Kolkata Knight Riders,Kolkata Knight Riders,field,Sawai Mansingh Stadium
Chennai Super Kings,Royal Challengers Bangalore,Chennai Super Kings,bat,"MA Chidambaram Stadium, Chepauk"
Kolkata Knight Riders,Rajasthan Royals,Kolkata Knight Riders,field,Eden Gardens
Kings XI Punjab,Rajasthan Royals,Rajasthan Royals,field,"Punjab Cricket Association Stadium, Mohali"
Mumbai Indians,Chennai Super Kings,Chennai Super Kings,field,Wankhede Stadium
Kolkata Knight Riders,Royal Challengers Bangalore,Royal Challengers Bangalore,field,Eden Gardens
Rajasthan Royals,Mumbai Indians,Rajasthan Royals,field,Sawai Mansingh Stadium
Kolkata Knight Riders,Kings XI Punjab,Kolkata Knight Riders,field,Eden Gardens
Mumbai Indians,Kings XI Punjab,Kings XI Punjab,field,Wankhede Stadium
Chennai Super Kings,Rajasthan Royals,Rajasthan Royals,bat,"MA Chidambaram Stadium, Chepauk"
Royal Challengers Bangalore,Kings XI Punjab,Kings XI Punjab,field,M Chinnaswamy Stadium
Kolkata Knight Riders,Chennai Super Kings,Chennai Super Kings,bat,Eden Gardens
Rajasthan Royals,Chennai Super Kings,Rajasthan Royals,field,Sawai Mansingh Stadium
Kings XI Punjab,Mumbai Indians,Mumbai Indians,field,"Punjab Cricket Association Stadium, Mohali"
Rajasthan Royals,Royal Challengers Bangalore,Royal Challengers Bangalore,field,Sawai Mansingh Stadium
Royal Challengers Bangalore,Kolkata Knight Riders,Royal Challengers Bangalore,field,M Chinnaswamy Stadium
Kings XI Punjab,Royal Challengers Bangalore,Kings XI Punjab,bat,Himachal Pradesh Cricket Association Stadium
Mumbai Indians,Rajasthan Royals,Mumbai Indians,bat,Wankhede Stadium
Royal Challengers Bangalore,Chennai Super Kings,Royal Challengers Bangalore,field,M Chinnaswamy Stadium
Kolkata Knight Riders,Mumbai Indians,Mumbai Indians,field,Eden Gardens
Royal Challengers Bangalore,Chennai Super Kings,Chennai Super Kings,field,Wankhede Stadium
Mumbai Indians,Kolkata Knight Riders,Mumbai Indians,field,Wankhede Stadium
Royal Challengers Bangalore,Mumbai Indians,Mumbai Indians,field,"MA Chidambaram Stadium, Chepauk"
Chennai Super Kings,Royal Challengers Bangalore,Chennai Super Kings,bat,"MA Chidambaram Stadium, Chepauk"
Chennai Super Kings,Mumbai Indians,Mumbai Indians,field,"MA Chidambaram Stadium, Chepauk"
Rajasthan Royals,Kings XI Punjab,Kings XI Punjab,field,Sawai Mansingh Stadium
Rajasthan Royals,Kolkata Knight Riders,Kolkata Knight Riders,field,Sawai Mansingh Stadium
Royal Challengers Bangalore,Kolkata Knight Riders,Royal Challengers Bangalore,field,M Chinnaswamy Stadium
Mumbai Indians,Rajasthan Royals,Rajasthan Royals,field,Wankhede Stadium
Chennai Super Kings,Royal Challengers Bangalore,Royal Challengers Bangalore,bat,"MA Chidambaram Stadium, Chepauk"
Kolkata Knight Riders,Rajasthan Royals,Rajasthan Royals,bat,Eden Gardens
Kolkata Knight Riders,Kings XI Punjab,Kolkata Knight Riders,field,Eden Gardens
Royal Challengers Bangalore,Rajasthan Royals,Rajasthan Royals,bat,M Chinnaswamy Stadium
Kings XI Punjab,Kolkata Knight Riders,Kings XI Punjab,bat,"Punjab Cricket Association Stadium, Mohali"
Kings XI Punjab,Royal Challengers Bangalore,Royal Challengers Bangalore,field,"Punjab Cricket Association Stadium, Mohali"
Chennai Super Kings,Rajasthan Royals,Rajasthan Royals,bat,"MA Chidambaram Stadium, Chepauk"
Mumbai Indians,Kings XI Punjab,Mumbai Indians,bat,Wankhede Stadium
Rajasthan Royals,Royal Challengers Bangalore,Rajasthan Royals,field,Sawai Mansingh Stadium
Kings XI Punjab,Mumbai Indians,Kings XI Punjab,bat,"Punjab Cricket Association Stadium, Mohali"
Chennai Super Kings,Kings XI Punjab,Kings XI Punjab,bat,"MA Chidambaram Stadium, Chepauk"
Kolkata Knight Riders,Royal Challengers Bangalore,Kolkata Knight Riders,bat,Eden Gardens
Chennai Super Kings,Kolkata Knight Riders,Chennai Super Kings,bat,"MA Chidambaram Stadium, Chepauk"
Royal Challengers Bangalore,Kings XI Punjab,Kings XI Punjab,field,M Chinnaswamy Stadium
Kings XI Punjab,Rajasthan Royals,Rajasthan Royals,bat,"Punjab Cricket Association Stadium, Mohali"
Mumbai Indians,Chennai Super Kings,Mumbai Indians,field,Wankhede Stadium
Mumbai Indians,Royal Challengers Bangalore,Royal Challengers Bangalore,field,Wankhede Stadium
Rajasthan Royals,Chennai Super Kings,Chennai Super Kings,field,Sawai Mansingh Stadium
Kolkata Knight Riders,Mumbai Indians,Mumbai Indians,bat,Eden Gardens
Royal Challengers Bangalore,Mumbai Indians,Mumbai Indians,field,M Chinnaswamy Stadium
Kolkata Knight Riders,Chennai Super Kings,Chennai Super Kings,field,Eden Gardens
Mumbai Indians,Kolkata Knight Riders,Mumbai Indians,field,Wankhede Stadium
Kings XI Punjab,Chennai Super Kings,Kings XI Punjab,field,Himachal Pradesh Cricket Association Stadium
Rajasthan Royals,Mumbai Indians,Rajasthan Royals,bat,Sawai Mansingh Stadium
Chennai Super Kings,Mumbai Indians,Mumbai Indians,field,M Chinnaswamy Stadium
Kolkata Knight Riders,Chennai Super Kings,Chennai Super Kings,bat,"MA Chidambaram Stadium, Chepauk"
Royal Challengers Bangalore,Mumbai Indians,Mumbai Indians,field,M Chinnaswamy Stadium
Chennai Super Kings,Mumbai Indians,Mumbai Indians,bat,"MA Chidambaram Stadium, Chepauk"
Sunrisers Hyderabad,Royal Challengers Bangalore,Royal Challengers Bangalore,bat,"Rajiv Gandhi International Stadium, Uppal"
Rajasthan Royals,Kolkata Knight Riders,Kolkata Knight Riders,field,Sawai Mansingh Stadium
Royal Challengers Bangalore,Sunrisers Hyderabad,Sunrisers Hyderabad,bat,M Chinnaswamy Stadium
Kings XI Punjab,Chennai Super Kings,Chennai Super Kings,field,"Punjab Cricket Association Stadium, Mohali"
Royal Challengers Bangalore,Kolkata Knight Riders,Royal Challengers Bangalore,field,M Chinnaswamy Stadium
Chennai Super Kings,Royal Challengers Bangalore,Chennai Super Kings,field,"MA Chidambaram Stadium, Chepauk"
Kolkata Knight Riders,Sunrisers Hyderabad,Kolkata Knight Riders,bat,Eden Gardens
Rajasthan Royals,Kings XI Punjab,Rajasthan Royals,field,Sawai Mansingh Stadium
Kings XI Punjab,Kolkata Knight Riders,Kolkata Knight Riders,field,"Punjab Cricket Association Stadium, Mohali"
Rajasthan Royals,Mumbai Indians,Rajasthan Royals,bat,Sawai Mansingh Stadium
Sunrisers Hyderabad,Kings XI Punjab,Kings XI Punjab,bat,"Rajiv Gandhi International Stadium, Uppal"
Kolkata Knight Riders,Chennai Super Kings,Kolkata Knight Riders,bat,Eden Gardens
Royal Challengers Bangalore,Rajasthan Royals,Royal Challengers Bangalore,field,M Chinnaswamy Stadium
Chennai Super Kings,Rajasthan Royals,Rajasthan Royals,bat,"MA Chidambaram Stadium, Chepauk"
Kolkata Knight Riders,Mumbai Indians,Kolkata Knight Riders,bat,Eden Gardens
Chennai Super Kings,Sunrisers Hyderabad,Sunrisers Hyderabad,bat,"MA Chidambaram Stadium, Chepauk"
Kolkata Knight Riders,Kings XI Punjab,Kings XI Punjab,bat,Eden Gardens
Rajasthan Royals,Sunrisers Hyderabad,Sunrisers Hyderabad,bat,Sawai Mansingh Stadium
Mumbai Indians,Royal Challengers Bangalore,Mumbai Indians,bat,Wankhede Stadium
Chennai Super Kings,Kolkata Knight Riders,Kolkata Knight Riders,field,"MA Chidambaram Stadium, Chepauk"
Rajasthan Royals,Royal Challengers Bangalore,Rajasthan Royals,field,Sawai Mansingh Stadium
Mumbai Indians,Kings XI Punjab,Mumbai Indians,bat,Wankhede Stadium
Sunrisers Hyderabad,Mumbai Indians,Mumbai Indians,bat,"Rajiv Gandhi International Stadium, Uppal"
Chennai Super Kings,Kings XI Punjab,Chennai Super Kings,bat,"MA Chidambaram Stadium, Chepauk"
Kolkata Knight Riders,Rajasthan Royals,Rajasthan Royals,bat,Eden Gardens
Mumbai Indians,Chennai Super Kings,Mumbai Indians,bat,Wankhede Stadium
Kings XI Punjab,Royal Challengers Bangalore,Kings XI Punjab,field,"Punjab Cricket Association Stadium, Mohali"
Mumbai Indians,Kolkata Knight Riders,Mumbai Indians,bat,Wankhede Stadium
Sunrisers Hyderabad,Chennai Super Kings,Sunrisers Hyderabad,field,"Rajiv Gandhi International Stadium, Uppal"
Kings XI Punjab,Rajasthan Royals,Rajasthan Royals,field,"Punjab Cricket Association Stadium, Mohali"
Kings XI Punjab,Sunrisers Hyderabad,Kings XI Punjab,field,"Punjab Cricket Association Stadium, Mohali"
Kolkata Knight Riders,Royal Challengers Bangalore,Kolkata Knight Riders,field,JSCA International Stadium Complex
Rajasthan Royals,Chennai Super Kings,Rajasthan Royals,field,Sawai Mansingh Stadium
Mumbai Indians,Sunrisers Hyderabad,Sunrisers Hyderabad,bat,Wankhede Stadium
Royal Challengers Bangalore,Kings XI Punjab,Kings XI Punjab,field,M Chinnaswamy Stadium
Mumbai Indians,Rajasthan Royals,Rajasthan Royals,field,Wankhede Stadium
Sunrisers Hyderabad,Rajasthan Royals,Sunrisers Hyderabad,bat,"Rajiv Gandhi International Stadium, Uppal"
Kings XI Punjab,Mumbai Indians,Mumbai Indians,field,Himachal Pradesh Cricket Association Stadium
Royal Challengers Bangalore,Chennai Super Kings,Chennai Super Kings,field,M Chinnaswamy Stadium
Sunrisers Hyderabad,Kolkata Knight Riders,Kolkata Knight Riders,bat,"Rajiv Gandhi International Stadium, Uppal"
Chennai Super Kings,Mumbai Indians,Chennai Super Kings,bat,Feroz Shah Kotla
Rajasthan Royals,Sunrisers Hyderabad,Sunrisers Hyderabad,bat,Feroz Shah Kotla
Mumbai Indians,Rajasthan Royals,Rajasthan Royals,bat,Eden Gardens
Chennai Super Kings,Mumbai Indians,Mumbai Indians,bat,Eden Gardens
Mumbai Indians,Kolkata Knight Riders,Kolkata Knight Riders,bat,Sheikh Zayed Stadium
Chennai Super Kings,Kings XI Punjab,Chennai Super Kings,bat,Sheikh Zayed Stadium
Sunrisers Hyderabad,Rajasthan Royals,Rajasthan Royals,field,Sheikh Zayed Stadium
Royal Challengers Bangalore,Mumbai Indians,Royal Challengers Bangalore,field,Dubai International Cricket Stadium
Rajasthan Royals,Kings XI Punjab,Kings XI Punjab,field,Sharjah Cricket Stadium
Kings XI Punjab,Sunrisers Hyderabad,Sunrisers Hyderabad,field,Sharjah Cricket Stadium
Rajasthan Royals,Chennai Super Kings,Rajasthan Royals,field,Dubai International Cricket Stadium
Royal Challengers Bangalore,Kolkata Knight Riders,Royal Challengers Bangalore,field,Sharjah Cricket Stadium
Chennai Super Kings,Mumbai Indians,Mumbai Indians,bat,Dubai International Cricket Stadium
Rajasthan Royals,Royal Challengers Bangalore,Rajasthan Royals,field,Sheikh Zayed Stadium
Kolkata Knight Riders,Kings XI Punjab,Kolkata Knight Riders,field,Sheikh Zayed Stadium
Sunrisers Hyderabad,Chennai Super Kings,Sunrisers Hyderabad,bat,Sharjah Cricket Stadium
Kings XI Punjab,Royal Challengers Bangalore,Kings XI Punjab,field,Dubai International Cricket Stadium
Kolkata Knight Riders,Rajasthan Royals,Rajasthan Royals,bat,Sheikh Zayed Stadium
Mumbai Indians,Sunrisers Hyderabad,Mumbai Indians,field,Dubai International Cricket Stadium
Chennai Super Kings,Kolkata Knight Riders,Chennai Super Kings,bat,JSCA International Stadium Complex
Mumbai Indians,Kings XI Punjab,Kings XI Punjab,bat,Wankhede Stadium
Royal Challengers Bangalore,Sunrisers Hyderabad,Royal Challengers Bangalore,field,M Chinnaswamy Stadium
Rajasthan Royals,Kolkata Knight Riders,Kolkata Knight Riders,field,"Sardar Patel Stadium, Motera"
Mumbai Indians,Royal Challengers Bangalore,Royal Challengers Bangalore,field,Wankhede Stadium
Kings XI Punjab,Chennai Super Kings,Chennai Super Kings,field,Barabati Stadium
Rajasthan Royals,Sunrisers Hyderabad,Rajasthan Royals,field,"Sardar Patel Stadium, Motera"
Royal Challengers Bangalore,Kings XI Punjab,Royal Challengers Bangalore,field,M Chinnaswamy Stadium
Mumbai Indians,Chennai Super Kings,Chennai Super Kings,field,Wankhede Stadium
Kings XI Punjab,Kolkata Knight Riders,Kolkata Knight Riders,field,Barabati Stadium
Royal Challengers Bangalore,Rajasthan Royals,Royal Challengers Bangalore,bat,M Chinnaswamy Stadium
Sunrisers Hyderabad,Mumbai Indians,Sunrisers Hyderabad,bat,"Rajiv Gandhi International Stadium, Uppal"
Chennai Super Kings,Rajasthan Royals,Rajasthan Royals,bat,JSCA International Stadium Complex
Sunrisers Hyderabad,Kings XI Punjab,Kings XI Punjab,field,"Rajiv Gandhi International Stadium, Uppal"
Kolkata Knight Riders,Mumbai Indians,Kolkata Knight Riders,field,Barabati Stadium
Chennai Super Kings,Royal Challengers Bangalore,Chennai Super Kings,bat,JSCA International Stadium Complex
Sunrisers Hyderabad,Kolkata Knight Riders,Sunrisers Hyderabad,bat,"Rajiv Gandhi International Stadium, Uppal"
Rajasthan Royals,Mumbai Indians,Mumbai Indians,bat,"Sardar Patel Stadium, Motera"
Sunrisers Hyderabad,Royal Challengers Bangalore,Royal Challengers Bangalore,bat,"Rajiv Gandhi International Stadium, Uppal"
Kolkata Knight Riders,Chennai Super Kings,Kolkata Knight Riders,field,Eden Gardens
Kings XI Punjab,Mumbai Indians,Mumbai Indians,field,"Punjab Cricket Association Stadium, Mohali"
Kolkata Knight Riders,Royal Challengers Bangalore,Royal Challengers Bangalore,field,Eden Gardens
Chennai Super Kings,Sunrisers Hyderabad,Sunrisers Hyderabad,field,JSCA International Stadium Complex
Kings XI Punjab,Rajasthan Royals,Rajasthan Royals,field,"Punjab Cricket Association Stadium, Mohali"
Royal Challengers Bangalore,Chennai Super Kings,Chennai Super Kings,field,M Chinnaswamy Stadium
Kolkata Knight Riders,Sunrisers Hyderabad,Kolkata Knight Riders,field,Eden Gardens
Mumbai Indians,Rajasthan Royals,Mumbai Indians,field,Wankhede Stadium
Kings XI Punjab,Kolkata Knight Riders,Kings XI Punjab,field,Eden Gardens
Chennai Super Kings,Mumbai Indians,Chennai Super Kings,field,Brabourne Stadium
Chennai Super Kings,Kings XI Punjab,Chennai Super Kings,field,Wankhede Stadium
Kolkata Knight Riders,Kings XI Punjab,Kolkata Knight Riders,field,M Chinnaswamy Stadium
Kolkata Knight Riders,Mumbai Indians,Kolkata Knight Riders,field,Eden Gardens
Kings XI Punjab,Rajasthan Royals,Kings XI Punjab,field,Maharashtra Cricket Association Stadium
Chennai Super Kings,Sunrisers Hyderabad,Chennai Super Kings,bat,"MA Chidambaram Stadium, Chepauk"
Kolkata Knight Riders,Royal Challengers Bangalore,Royal Challengers Bangalore,field,Eden Gardens
Mumbai Indians,Kings XI Punjab,Mumbai Indians,field,Wankhede Stadium
Royal Challengers Bangalore,Sunrisers Hyderabad,Sunrisers Hyderabad,field,M Chinnaswamy Stadium
Rajasthan Royals,Mumbai Indians,Mumbai Indians,bat,"Sardar Patel Stadium, Motera"
Sunrisers Hyderabad,Rajasthan Royals,Rajasthan Royals,field,Dr. Y.S. Rajasekhara Reddy ACA-VDCA Cricket Stadium
Mumbai Indians,Chennai Super Kings,Mumbai Indians,bat,Wankhede Stadium
Kings XI Punjab,Kolkata Knight Riders,Kolkata Knight Riders,field,Maharashtra Cricket Association Stadium
Rajasthan Royals,Chennai Super Kings,Chennai Super Kings,bat,"Sardar Patel Stadium, Motera"
Royal Challengers Bangalore,Mumbai Indians,Royal Challengers Bangalore,field,M Chinnaswamy Stadium
Rajasthan Royals,Kings XI Punjab,Kings XI Punjab,field,"Sardar Patel Stadium, Motera"
Sunrisers Hyderabad,Kolkata Knight Riders,Kolkata Knight Riders,field,Dr. Y.S. Rajasekhara Reddy ACA-VDCA Cricket Stadium
Royal Challengers Bangalore,Chennai Super Kings,Royal Challengers Bangalore,field,M Chinnaswamy Stadium
Rajasthan Royals,Royal Challengers Bangalore,Royal Challengers Bangalore,field,"Sardar Patel Stadium, Motera"
Mumbai Indians,Sunrisers Hyderabad,Mumbai Indians,bat,Wankhede Stadium
Chennai Super Kings,Kings XI Punjab,Chennai Super Kings,bat,"MA Chidambaram Stadium, Chepauk"
Kings XI Punjab,Sunrisers Hyderabad,Kings XI Punjab,field,"Punjab Cricket Association Stadium, Mohali"
Chennai Super Kings,Kolkata Knight Riders,Kolkata Knight Riders,field,"MA Chidambaram Stadium, Chepauk"
Kolkata Knight Riders,Chennai Super Kings,Kolkata Knight Riders,field,Eden Gardens
Mumbai Indians,Rajasthan Royals,Rajasthan Royals,field,Wankhede Stadium
Royal Challengers Bangalore,Kolkata Knight Riders,Royal Challengers Bangalore,field,M Chinnaswamy Stadium
Sunrisers Hyderabad,Chennai Super Kings,Chennai Super Kings,field,"Rajiv Gandhi International Stadium, Uppal"
Kings XI Punjab,Mumbai Indians,Mumbai Indians,bat,"Punjab Cricket Association Stadium, Mohali"
Chennai Super Kings,Royal Challengers Bangalore,Chennai Super Kings,bat,"MA Chidambaram Stadium, Chepauk"
Kolkata Knight Riders,Sunrisers Hyderabad,Sunrisers Hyderabad,field,Eden Gardens
Royal Challengers Bangalore,Kings XI Punjab,Kings XI Punjab,field,M Chinnaswamy Stadium
Rajasthan Royals,Sunrisers Hyderabad,Rajasthan Royals,field,Brabourne Stadium
Chennai Super Kings,Mumbai Indians,Chennai Super Kings,bat,"MA Chidambaram Stadium, Chepauk"
Kolkata Knight Riders,Kings XI Punjab,Kings XI Punjab,bat,Eden Gardens
Mumbai Indians,Royal Challengers Bangalore,Royal Challengers Bangalore,bat,Wankhede Stadium
Chennai Super Kings,Rajasthan Royals,Chennai Super Kings,bat,"MA Chidambaram Stadium, Chepauk"
Sunrisers Hyderabad,Kings XI Punjab,Sunrisers Hyderabad,bat,"Rajiv Gandhi International Stadium, Uppal"
Kings XI Punjab,Royal Challengers Bangalore,Royal Challengers Bangalore,field,"Punjab Cricket Association Stadium, Mohali"
Mumbai Indians,Kolkata Knight Riders,Kolkata Knight Riders,field,Wankhede Stadium
Sunrisers Hyderabad,Royal Challengers Bangalore,Sunrisers Hyderabad,bat,"Rajiv Gandhi International Stadium, Uppal"
Kings XI Punjab,Chennai Super Kings,Kings XI Punjab,bat,"Punjab Cricket Association Stadium, Mohali"
Rajasthan Royals,Kolkata Knight Riders,Rajasthan Royals,bat,Brabourne Stadium
Sunrisers Hyderabad,Mumbai Indians,Sunrisers Hyderabad,bat,"Rajiv Gandhi International Stadium, Uppal"
Chennai Super Kings,Mumbai Indians,Mumbai Indians,bat,Wankhede Stadium
Royal Challengers Bangalore,Rajasthan Royals,Royal Challengers Bangalore,bat,Maharashtra Cricket Association Stadium
Chennai Super Kings,Royal Challengers Bangalore,Chennai Super Kings,field,JSCA International Stadium Complex
Mumbai Indians,Chennai Super Kings,Chennai Super Kings,field,Eden Gardens
Royal Challengers Bangalore,Sunrisers Hyderabad,Sunrisers Hyderabad,field,M Chinnaswamy Stadium
Kolkata Knight Riders,Mumbai Indians,Mumbai Indians,field,Eden Gardens
Sunrisers Hyderabad,Kolkata Knight Riders,Sunrisers Hyderabad,bat,"Rajiv Gandhi International Stadium, Uppal"
Sunrisers Hyderabad,Mumbai Indians,Sunrisers Hyderabad,field,"Rajiv Gandhi International Stadium, Uppal"
Kings XI Punjab,Kolkata Knight Riders,Kolkata Knight Riders,field,"Punjab Cricket Association IS Bindra Stadium, Mohali"
Mumbai Indians,Royal Challengers Bangalore,Mumbai Indians,field,Wankhede Stadium
Sunrisers Hyderabad,Kings XI Punjab,Sunrisers Hyderabad,field,"Rajiv Gandhi International Stadium, Uppal"
Kings XI Punjab,Mumbai Indians,Kings XI Punjab,field,"Punjab Cricket Association IS Bindra Stadium, Mohali"
Mumbai Indians,Kolkata Knight Riders,Mumbai Indians,field,Wankhede Stadium
Sunrisers Hyderabad,Royal Challengers Bangalore,Royal Challengers Bangalore,field,"Rajiv Gandhi International Stadium, Uppal"
Royal Challengers Bangalore,Kolkata Knight Riders,Kolkata Knight Riders,field,M Chinnaswamy Stadium
Kolkata Knight Riders,Kings XI Punjab,Kings XI Punjab,field,Eden Gardens
Mumbai Indians,Sunrisers Hyderabad,Mumbai Indians,field,Dr. Y.S. Rajasekhara Reddy ACA-VDCA Cricket Stadium
Kings XI Punjab,Royal Challengers Bangalore,Kings XI Punjab,field,"Punjab Cricket Association IS Bindra Stadium, Mohali"
Royal Challengers Bangalore,Mumbai Indians,Mumbai Indians,field,M Chinnaswamy Stadium
Mumbai Indians,Kings XI Punjab,Mumbai Indians,bat,Dr. Y.S. Rajasekhara Reddy ACA-VDCA Cricket Stadium
Kings XI Punjab,Sunrisers Hyderabad,Kings XI Punjab,bat,"Punjab Cricket Association IS Bindra Stadium, Mohali"
Kolkata Knight Riders,Royal Challengers Bangalore,Royal Challengers Bangalore,field,Eden Gardens
Royal Challengers Bangalore,Kings XI Punjab,Kings XI Punjab,field,M Chinnaswamy Stadium
Kolkata Knight Riders,Sunrisers Hyderabad,Sunrisers Hyderabad,field,Eden Gardens
Sunrisers Hyderabad,Kolkata Knight Riders,Kolkata Knight Riders,field,Feroz Shah Kotla
Royal Challengers Bangalore,Sunrisers Hyderabad,Sunrisers Hyderabad,bat,M Chinnaswamy Stadium
Sunrisers Hyderabad,Royal Challengers Bangalore,Royal Challengers Bangalore,field,"Rajiv Gandhi International Stadium, Uppal"
Mumbai Indians,Kolkata Knight Riders,Mumbai Indians,field,Wankhede Stadium
Kings XI Punjab,Royal Challengers Bangalore,Royal Challengers Bangalore,bat,Holkar Cricket Stadium
Mumbai Indians,Sunrisers Hyderabad,Mumbai Indians,field,Wankhede Stadium
Kolkata Knight Riders,Kings XI Punjab,Kolkata Knight Riders,field,Eden Gardens
Royal Challengers Bangalore,Mumbai Indians,Mumbai Indians,field,M Chinnaswamy Stadium
Kolkata Knight Riders,Sunrisers Hyderabad,Sunrisers Hyderabad,field,Eden Gardens
Sunrisers Hyderabad,Kings XI Punjab,Kings XI Punjab,field,"Rajiv Gandhi International Stadium, Uppal"
Kings XI Punjab,Mumbai Indians,Mumbai Indians,field,Holkar Cricket Stadium
Kolkata Knight Riders,Royal Challengers Bangalore,Royal Challengers Bangalore,field,Eden Gardens
Kings XI Punjab,Sunrisers Hyderabad,Kings XI Punjab,field,"Punjab Cricket Association IS Bindra Stadium, Mohali"
Sunrisers Hyderabad,Kolkata Knight Riders,Kolkata Knight Riders,field,"Rajiv Gandhi International Stadium, Uppal"
Mumbai Indians,Royal Challengers Bangalore,Royal Challengers Bangalore,bat,Wankhede Stadium
Royal Challengers Bangalore,Kings XI Punjab,Royal Challengers Bangalore,field,M Chinnaswamy Stadium
Royal Challengers Bangalore,Kolkata Knight Riders,Kolkata Knight Riders,field,M Chinnaswamy Stadium
Sunrisers Hyderabad,Mumbai Indians,Mumbai Indians,bat,"Rajiv Gandhi International Stadium, Uppal"
Kings XI Punjab,Kolkata Knight Riders,Kolkata Knight Riders,field,"Punjab Cricket Association IS Bindra Stadium, Mohali"
Mumbai Indians,Kings XI Punjab,Mumbai Indians,field,Wankhede Stadium
Kolkata Knight Riders,Mumbai Indians,Kolkata Knight Riders,field,Eden Gardens
Sunrisers Hyderabad,Kolkata Knight Riders,Kolkata Knight Riders,field,M Chinnaswamy Stadium
Mumbai Indians,Kolkata Knight Riders,Mumbai Indians,field,M Chinnaswamy Stadium
Mumbai Indians,Chennai Super Kings,Chennai Super Kings,field,Wankhede Stadium
Royal Challengers Bangalore,Kolkata Knight Riders,Kolkata Knight Riders,field,Eden Gardens
Rajasthan Royals,Sunrisers Hyderabad,Sunrisers Hyderabad,field,Rajiv Gandhi International Stadium
Kolkata Knight Riders,Chennai Super Kings,Chennai Super Kings,field,MA Chidambaram Stadium
Mumbai Indians,Sunrisers Hyderabad,Sunrisers Hyderabad,field,Rajiv Gandhi International Stadium
Kings XI Punjab,Royal Challengers Bangalore,Royal Challengers Bangalore,field,M.Chinnaswamy Stadium
Kolkata Knight Riders,Sunrisers Hyderabad,Sunrisers Hyderabad,field,Eden Gardens
Rajasthan Royals,Royal Challengers Bangalore,Royal Challengers Bangalore,field,M.Chinnaswamy Stadium
Kings XI Punjab,Chennai Super Kings,Chennai Super Kings,field,Punjab Cricket Association IS Bindra Stadium
Mumbai Indians,Royal Challengers Bangalore,Royal Challengers Bangalore,field,Wankhede Stadium
Rajasthan Royals,Kolkata Knight Riders,Kolkata Knight Riders,field,Sawai Mansingh Stadium
Kings XI Punjab,Sunrisers Hyderabad,Kings XI Punjab,bat,Punjab Cricket Association IS Bindra Stadium
Chennai Super Kings,Rajasthan Royals,Rajasthan Royals,field,Maharashtra Cricket Association Stadium
Kolkata Knight Riders,Kings XI Punjab,Kings XI Punjab,field,Eden Gardens
Chennai Super Kings,Sunrisers Hyderabad,Sunrisers Hyderabad,field,Rajiv Gandhi International Stadium
Mumbai Indians,Rajasthan Royals,Mumbai Indians,bat,Sawai Mansingh Stadium
Sunrisers Hyderabad,Mumbai Indians,Mumbai Indians,field,Wankhede Stadium
Royal Challengers Bangalore,Chennai Super Kings,Chennai Super Kings,field,M.Chinnaswamy Stadium
Sunrisers Hyderabad,Kings XI Punjab,Kings XI Punjab,field,Rajiv Gandhi International Stadium
Chennai Super Kings,Mumbai Indians,Mumbai Indians,field,Maharashtra Cricket Association Stadium
Sunrisers Hyderabad,Rajasthan Royals,Sunrisers Hyderabad,bat,Sawai Mansingh Stadium
Royal Challengers Bangalore,Kolkata Knight Riders,Kolkata Knight Riders,field,M.Chinnaswamy Stadium
Royal Challengers Bangalore,Mumbai Indians,Mumbai Indians,field,M.Chinnaswamy Stadium
Chennai Super Kings,Kolkata Knight Riders,Kolkata Knight Riders,field,Eden Gardens
Kings XI Punjab,Mumbai Indians,Mumbai Indians,field,Holkar Cricket Stadium
Royal Challengers Bangalore,Chennai Super Kings,Chennai Super Kings,field,Maharashtra Cricket Association Stadium
Mumbai Indians,Kolkata Knight Riders,Kolkata Knight Riders,field,Wankhede Stadium
Rajasthan Royals,Kings XI Punjab,Kings XI Punjab,field,Holkar Cricket Stadium
Sunrisers Hyderabad,Royal Challengers Bangalore,Royal Challengers Bangalore,field,Rajiv Gandhi International Stadium
Rajasthan Royals,Kings XI Punjab,Rajasthan Royals,bat,Sawai Mansingh Stadium
Mumbai Indians,Kolkata Knight Riders,Kolkata Knight Riders,field,Eden Gardens
Chennai Super Kings,Rajasthan Royals,Chennai Super Kings,bat,Sawai Mansingh Stadium
Kolkata Knight Riders,Kings XI Punjab,Kings XI Punjab,field,Holkar Cricket Stadium
Sunrisers Hyderabad,Chennai Super Kings,Chennai Super Kings,field,Maharashtra Cricket Association Stadium
Mumbai Indians,Rajasthan Royals,Rajasthan Royals,field,Wankhede Stadium
Kings XI Punjab,Royal Challengers Bangalore,Royal Challengers Bangalore,field,Holkar Cricket Stadium
Rajasthan Royals,Kolkata Knight Riders,Kolkata Knight Riders,field,Eden Gardens
Mumbai Indians,Kings XI Punjab,Kings XI Punjab,field,Wankhede Stadium
Royal Challengers Bangalore,Sunrisers Hyderabad,Sunrisers Hyderabad,field,M.Chinnaswamy Stadium
Rajasthan Royals,Royal Challengers Bangalore,Rajasthan Royals,bat,Sawai Mansingh Stadium
Sunrisers Hyderabad,Kolkata Knight Riders,Sunrisers Hyderabad,bat,Rajiv Gandhi International Stadium
Kings XI Punjab,Chennai Super Kings,Chennai Super Kings,field,Maharashtra Cricket Association Stadium
Sunrisers Hyderabad,Chennai Super Kings,Chennai Super Kings,field,Wankhede Stadium
Kolkata Knight Riders,Rajasthan Royals,Rajasthan Royals,field,Eden Gardens
Sunrisers Hyderabad,Kolkata Knight Riders,Kolkata Knight Riders,field,Eden Gardens
Sunrisers Hyderabad,Chennai Super Kings,Chennai Super Kings,field,Wankhede Stadium
Royal Challengers Bangalore,Chennai Super Kings,Chennai Super Kings,field,MA Chidambaram Stadium
Sunrisers Hyderabad,Kolkata Knight Riders,Kolkata Knight Riders,field,Eden Gardens
Delhi Capitals,Mumbai Indians,Mumbai Indians,field,Wankhede Stadium
Kings XI Punjab,Rajasthan Royals,Rajasthan Royals,field,Sawai Mansingh Stadium
Delhi Capitals,Chennai Super Kings,Delhi Capitals,bat,Arun Jaitley Stadium
Kolkata Knight Riders,Kings XI Punjab,Kings XI Punjab,field,Eden Gardens
Mumbai Indians,Royal Challengers Bangalore,Royal Challengers Bangalore,field,M.Chinnaswamy Stadium
Rajasthan Royals,Sunrisers Hyderabad,Rajasthan Royals,bat,Rajiv Gandhi International Stadium
Mumbai Indians,Kings XI Punjab,Kings XI Punjab,field,Punjab Cricket Association IS Bindra Stadium
Kolkata Knight Riders,Delhi Capitals,Delhi Capitals,field,Arun Jaitley Stadium
Sunrisers Hyderabad,Royal Challengers Bangalore,Royal Challengers Bangalore,field,Rajiv Gandhi International Stadium
Chennai Super Kings,Rajasthan Royals,Rajasthan Royals,field,MA Chidambaram Stadium
Kings XI Punjab,Delhi Capitals,Delhi Capitals,field,Punjab Cricket Association IS Bindra Stadium
Royal Challengers Bangalore,Rajasthan Royals,Rajasthan Royals,field,Sawai Mansingh Stadium
Mumbai Indians,Chennai Super Kings,Chennai Super Kings,field,Wankhede Stadium
Delhi Capitals,Sunrisers Hyderabad,Sunrisers Hyderabad,field,Arun Jaitley Stadium
Royal Challengers Bangalore,Kolkata Knight Riders,Kolkata Knight Riders,field,M.Chinnaswamy Stadium
Chennai Super Kings,Kings XI Punjab,Chennai Super Kings,bat,MA Chidambaram Stadium
Mumbai Indians,Sunrisers Hyderabad,Sunrisers Hyderabad,field,Rajiv Gandhi International Stadium
Royal Challengers Bangalore,Delhi Capitals,Delhi Capitals,field,M.Chinnaswamy Stadium
Rajasthan Royals,Kolkata Knight Riders,Kolkata Knight Riders,field,Sawai Mansingh Stadium
Sunrisers Hyderabad,Kings XI Punjab,Kings XI Punjab,field,Punjab Cricket Association IS Bindra Stadium
Kolkata Knight Riders,Chennai Super Kings,Chennai Super Kings,field,MA Chidambaram Stadium
Kings XI Punjab,Mumbai Indians,Mumbai Indians,field,Wankhede Stadium
Rajasthan Royals,Chennai Super Kings,Chennai Super Kings,field,Sawai Mansingh Stadium
Kolkata Knight Riders,Delhi Capitals,Delhi Capitals,field,Eden Gardens
Mumbai Indians,Rajasthan Royals,Rajasthan Royals,field,Wankhede Stadium
Kings XI Punjab,Royal Challengers Bangalore,Royal Challengers Bangalore,field,Punjab Cricket Association IS Bindra Stadium
Kolkata Knight Riders,Chennai Super Kings,Chennai Super Kings,field,Eden Gardens
Delhi Capitals,Sunrisers Hyderabad,Sunrisers Hyderabad,field,Rajiv Gandhi International Stadium
Royal Challengers Bangalore,Mumbai Indians,Mumbai Indians,field,Wankhede Stadium
Kings XI Punjab,Rajasthan Royals,Rajasthan Royals,field,Punjab Cricket Association IS Bindra Stadium
Chennai Super Kings,Sunrisers Hyderabad,Chennai Super Kings,bat,Rajiv Gandhi International Stadium
Mumbai Indians,Delhi Capitals,Mumbai Indians,bat,Arun Jaitley Stadium
Royal Challengers Bangalore,Kolkata Knight Riders,Kolkata Knight Riders,field,Eden Gardens
Mumbai Indians,Rajasthan Royals,Rajasthan Royals,field,Sawai Mansingh Stadium
Kings XI Punjab,Delhi Capitals,Delhi Capitals,field,Arun Jaitley Stadium
Kolkata Knight Riders,Sunrisers Hyderabad,Sunrisers Hyderabad,field,Rajiv Gandhi International Stadium
Royal Challengers Bangalore,Chennai Super Kings,Chennai Super Kings,field,M.Chinnaswamy Stadium
Rajasthan Royals,Delhi Capitals,Delhi Capitals,field,Sawai Mansingh Stadium
Sunrisers Hyderabad,Chennai Super Kings,Chennai Super Kings,field,MA Chidambaram Stadium
Royal Challengers Bangalore,Kings XI Punjab,Kings XI Punjab,field,M.Chinnaswamy Stadium
Kolkata Knight Riders,Rajasthan Royals,Rajasthan Royals,field,Eden Gardens
Mumbai Indians,Chennai Super Kings,Chennai Super Kings,field,MA Chidambaram Stadium
Sunrisers Hyderabad,Rajasthan Royals,Rajasthan Royals,field,Sawai Mansingh Stadium
Delhi Capitals,Royal Challengers Bangalore,Delhi Capitals,bat,Arun Jaitley Stadium
Kolkata Knight Riders,Mumbai Indians,Mumbai Indians,field,Eden Gardens
Sunrisers Hyderabad,Kings XI Punjab,Kings XI Punjab,field,Rajiv Gandhi International Stadium
Chennai Super Kings,Delhi Capitals,Delhi Capitals,field,MA Chidambaram Stadium
Mumbai Indians,Sunrisers Hyderabad,Mumbai Indians,bat,Wankhede Stadium
Kings XI Punjab,Kolkata Knight Riders,Kolkata Knight Riders,field,Punjab Cricket Association IS Bindra Stadium
Rajasthan Royals,Delhi Capitals,Rajasthan Royals,bat,Arun Jaitley Stadium
Sunrisers Hyderabad,Royal Challengers Bangalore,Royal Challengers Bangalore,field,M.Chinnaswamy Stadium
Chennai Super Kings,Kings XI Punjab,Kings XI Punjab,field,Punjab Cricket Association IS Bindra Stadium
Kolkata Knight Riders,Mumbai Indians,Mumbai Indians,field,Wankhede Stadium
Chennai Super Kings,Mumbai Indians,Chennai Super Kings,bat,MA Chidambaram Stadium
Sunrisers Hyderabad,Delhi Capitals,Delhi Capitals,field,Dr. Y.S. Rajasekhara Reddy ACA-VDCA Cricket Stadium
Delhi Capitals,Chennai Super Kings,Chennai Super Kings,field,Dr. Y.S. Rajasekhara Reddy ACA-VDCA Cricket Stadium
Mumbai Indians,Chennai Super Kings,Mumbai Indians,bat,Rajiv Gandhi International Stadium
Mumbai Indians,Chennai Super Kings,Chennai Super Kings,field,Sheikh Zayed Stadium
Delhi Capitals,Kings XI Punjab,Kings XI Punjab,field,Dubai International Cricket Stadium
Royal Challengers Bangalore,Sunrisers Hyderabad,Sunrisers Hyderabad,field,Dubai International Cricket Stadium
Rajasthan Royals,Chennai Super Kings,Chennai Super Kings,field,Sharjah Cricket Stadium
Mumbai Indians,Kolkata Knight Riders,Kolkata Knight Riders,field,Sheikh Zayed Stadium
Kings XI Punjab,Royal Challengers Bangalore,Royal Challengers Bangalore,field,Dubai International Cricket Stadium
Delhi Capitals,Chennai Super Kings,Chennai Super Kings,field,Dubai International Cricket Stadium
Sunrisers Hyderabad,Kolkata Knight Riders,Sunrisers Hyderabad,bat,Sheikh Zayed Stadium
Kings XI Punjab,Rajasthan Royals,Rajasthan Royals,field,Sharjah Cricket Stadium
Royal Challengers Bangalore,Mumbai Indians,Mumbai Indians,field,Dubai International Cricket Stadium
Sunrisers Hyderabad,Delhi Capitals,Delhi Capitals,field,Sheikh Zayed Stadium
Kolkata Knight Riders,Rajasthan Royals,Rajasthan Royals,field,Dubai International Cricket Stadium
Mumbai Indians,Kings XI Punjab,Kings XI Punjab,field,Sheikh Zayed Stadium
Sunrisers Hyderabad,Chennai Super Kings,Sunrisers Hyderabad,bat,Dubai International Cricket Stadium
Rajasthan Royals,Royal Challengers Bangalore,Rajasthan Royals,bat,Sheikh Zayed Stadium
Delhi Capitals,Kolkata Knight Riders,Kolkata Knight Riders,field,Sharjah Cricket Stadium
Kings XI Punjab,Chennai Super Kings,Kings XI Punjab,bat,Dubai International Cricket Stadium
Mumbai Indians,Sunrisers Hyderabad,Mumbai Indians,bat,Sharjah Cricket Stadium
Delhi Capitals,Royal Challengers Bangalore,Royal Challengers Bangalore,field,Dubai International Cricket Stadium
Mumbai Indians,Rajasthan Royals,Mumbai Indians,bat,Sheikh Zayed Stadium
Kolkata Knight Riders,Chennai Super Kings,Kolkata Knight Riders,bat,Sheikh Zayed Stadium
Sunrisers Hyderabad,Kings XI Punjab,Sunrisers Hyderabad,bat,Dubai International Cricket Stadium
Delhi Capitals,Rajasthan Royals,Rajasthan Royals,field,Sharjah Cricket Stadium
Kolkata Knight Riders,Kings XI Punjab,Kolkata Knight Riders,bat,Sheikh Zayed Stadium
Royal Challengers Bangalore,Chennai Super Kings,Royal Challengers Bangalore,bat,Dubai International Cricket Stadium
Sunrisers Hyderabad,Rajasthan Royals,Sunrisers Hyderabad,bat,Dubai International Cricket Stadium
Delhi Capitals,Mumbai Indians,Delhi Capitals,bat,Sheikh Zayed Stadium
Royal Challengers Bangalore,Kolkata Knight Riders,Royal Challengers Bangalore,bat,Sharjah Cricket Stadium
Chennai Super Kings,Sunrisers Hyderabad,Chennai Super Kings,bat,Dubai International Cricket Stadium
Delhi Capitals,Rajasthan Royals,Delhi Capitals,bat,Dubai International Cricket Stadium
Royal Challengers Bangalore,Kings XI Punjab,Royal Challengers Bangalore,bat,Sharjah Cricket Stadium
Kolkata Knight Riders,Mumbai Indians,Kolkata Knight Riders,bat,Sheikh Zayed Stadium
Chennai Super Kings,Delhi Capitals,Chennai Super Kings,bat,Sharjah Cricket Stadium
Rajasthan Royals,Royal Challengers Bangalore,Rajasthan Royals,bat,Dubai International Cricket Stadium
Kolkata Knight Riders,Sunrisers Hyderabad,Sunrisers Hyderabad,field,Sheikh Zayed Stadium
Mumbai Indians,Kings XI Punjab,Mumbai Indians,bat,Dubai International Cricket Stadium
Chennai Super Kings,Rajasthan Royals,Chennai Super Kings,bat,Sheikh Zayed Stadium
Delhi Capitals,Kings XI Punjab,Delhi Capitals,bat,Dubai International Cricket Stadium
Kolkata Knight Riders,Royal Challengers Bangalore,Kolkata Knight Riders,bat,Sheikh Zayed Stadium
Rajasthan Royals,Sunrisers Hyderabad,Sunrisers Hyderabad,field,Dubai International Cricket Stadium
Chennai Super Kings,Mumbai Indians,Mumbai Indians,field,Sharjah Cricket Stadium
Kolkata Knight Riders,Delhi Capitals,Delhi Capitals,field,Sheikh Zayed Stadium
Kings XI Punjab,Sunrisers Hyderabad,Sunrisers Hyderabad,field,Dubai International Cricket Stadium
Mumbai Indians,Rajasthan Royals,Mumbai Indians,bat,Sheikh Zayed Stadium
Royal Challengers Bangalore,Chennai Super Kings,Royal Challengers Bangalore,bat,Dubai International Cricket Stadium
Kolkata Knight Riders,Kings XI Punjab,Kings XI Punjab,field,Sharjah Cricket Stadium
Sunrisers Hyderabad,Delhi Capitals,Delhi Capitals,field,Dubai International Cricket Stadium
Royal Challengers Bangalore,Mumbai Indians,Mumbai Indians,field,Sheikh Zayed Stadium
Kolkata Knight Riders,Chennai Super Kings,Chennai Super Kings,field,Dubai International Cricket Stadium
Kings XI Punjab,Rajasthan Royals,Rajasthan Royals,field,Sheikh Zayed Stadium
Royal Challengers Bangalore,Sunrisers Hyderabad,Sunrisers Hyderabad,field,Sharjah Cricket Stadium
Delhi Capitals,Mumbai Indians,Mumbai Indians,field,Dubai International Cricket Stadium
Kings XI Punjab,Chennai Super Kings,Chennai Super Kings,field,Sheikh Zayed Stadium
Kolkata Knight Riders,Rajasthan Royals,Rajasthan Royals,field,Dubai International Cricket Stadium
Royal Challengers Bangalore,Delhi Capitals,Delhi Capitals,field,Sheikh Zayed Stadium
Mumbai Indians,Sunrisers Hyderabad,Sunrisers Hyderabad,field,Sharjah Cricket Stadium
Mumbai Indians,Delhi Capitals,Delhi Capitals,field,Dubai International Cricket Stadium
Royal Challengers Bangalore,Sunrisers Hyderabad,Sunrisers Hyderabad,field,Sheikh Zayed Stadium
Delhi Capitals,Sunrisers Hyderabad,Delhi Capitals,bat,Sheikh Zayed Stadium
Delhi Capitals,Mumbai Indians,Delhi Capitals,bat,Dubai International Cricket Stadium
Mumbai Indians,Royal Challengers Bangalore,Royal Challengers Bangalore,field,"MA Chidambaram Stadium, Chepauk, Chennai"
Chennai Super Kings,Delhi Capitals,Delhi Capitals,field,"Wankhede Stadium, Mumbai"
Kolkata Knight Riders,Sunrisers Hyderabad,Sunrisers Hyderabad,field,"MA Chidambaram Stadium, Chepauk, Chennai"
Punjab Kings,Rajasthan Royals,Rajasthan Royals,field,"Wankhede Stadium, Mumbai"
Mumbai Indians,Kolkata Knight Riders,Kolkata Knight Riders,field,"MA Chidambaram Stadium, Chepauk, Chennai"
Royal Challengers Bangalore,Sunrisers Hyderabad,Sunrisers Hyderabad,field,"MA Chidambaram Stadium, Chepauk, Chennai"
Delhi Capitals,Rajasthan Royals,Rajasthan Royals,field,"Wankhede Stadium, Mumbai"
Punjab Kings,Chennai Super Kings,Chennai Super Kings,field,"Wankhede Stadium, Mumbai"
Mumbai Indians,Sunrisers Hyderabad,Mumbai Indians,bat,"MA Chidambaram Stadium, Chepauk, Chennai"
Royal Challengers Bangalore,Kolkata Knight Riders,Royal Challengers Bangalore,bat,"MA Chidambaram Stadium, Chepauk, Chennai"
Punjab Kings,Delhi Capitals,Delhi Capitals,field,"Wankhede Stadium, Mumbai"
Chennai Super Kings,Rajasthan Royals,Rajasthan Royals,field,"Wankhede Stadium, Mumbai"
Mumbai Indians,Delhi Capitals,Mumbai Indians,bat,"MA Chidambaram Stadium, Chepauk, Chennai"
Punjab Kings,Sunrisers Hyderabad,Punjab Kings,bat,"MA Chidambaram Stadium, Chepauk, Chennai"
Chennai Super Kings,Kolkata Knight Riders,Kolkata Knight Riders,field,"Wankhede Stadium, Mumbai"
Rajasthan Royals,Royal Challengers Bangalore,Royal Challengers Bangalore,field,"Wankhede Stadium, Mumbai"
Mumbai Indians,Punjab Kings,Punjab Kings,field,"MA Chidambaram Stadium, Chepauk, Chennai"
Kolkata Knight Riders,Rajasthan Royals,Rajasthan Royals,field,"Wankhede Stadium, Mumbai"
Chennai Super Kings,Royal Challengers Bangalore,Chennai Super Kings,bat,"Wankhede Stadium, Mumbai"
Delhi Capitals,Sunrisers Hyderabad,Delhi Capitals,bat,"MA Chidambaram Stadium, Chepauk, Chennai"
Punjab Kings,Kolkata Knight Riders,Kolkata Knight Riders,field,"Narendra Modi Stadium, Ahmedabad"
Royal Challengers Bangalore,Delhi Capitals,Delhi Capitals,field,"Narendra Modi Stadium, Ahmedabad"
Sunrisers Hyderabad,Chennai Super Kings,Sunrisers Hyderabad,bat,"Arun Jaitley Stadium, Delhi"
Rajasthan Royals,Mumbai Indians,Mumbai Indians,field,"Arun Jaitley Stadium, Delhi"
Kolkata Knight Riders,Delhi Capitals,Delhi Capitals,field,"Narendra Modi Stadium, Ahmedabad"
Punjab Kings,Royal Challengers Bangalore,Royal Challengers Bangalore,field,"Narendra Modi Stadium, Ahmedabad"
Chennai Super Kings,Mumbai Indians,Mumbai Indians,field,"Arun Jaitley Stadium, Delhi"
Rajasthan Royals,Sunrisers Hyderabad,Sunrisers Hyderabad,field,"Arun Jaitley Stadium, Delhi"
Punjab Kings,Delhi Capitals,Delhi Capitals,field,"Narendra Modi Stadium, Ahmedabad"
Chennai Super Kings,Mumbai Indians,Chennai Super Kings,bat,Dubai International Cricket Stadium
Royal Challengers Bangalore,Kolkata Knight Riders,Royal Challengers Bangalore,bat,"Zayed Cricket Stadium, Abu Dhabi"
Rajasthan Royals,Punjab Kings,Punjab Kings,field,Dubai International Cricket Stadium
Sunrisers Hyderabad,Delhi Capitals,Sunrisers Hyderabad,bat,Dubai International Cricket Stadium
Mumbai Indians,Kolkata Knight Riders,Kolkata Knight Riders,field,"Zayed Cricket Stadium, Abu Dhabi"
Royal Challengers Bangalore,Chennai Super Kings,Chennai Super Kings,field,Sharjah Cricket Stadium
Delhi Capitals,Rajasthan Royals,Rajasthan Royals,field,"Zayed Cricket Stadium, Abu Dhabi"
Punjab Kings,Sunrisers Hyderabad,Sunrisers Hyderabad,field,Sharjah Cricket Stadium
Kolkata Knight Riders,Chennai Super Kings,Kolkata Knight Riders,bat,"Zayed Cricket Stadium, Abu Dhabi"
Royal Challengers Bangalore,Mumbai Indians,Mumbai Indians,field,Dubai International Cricket Stadium
Rajasthan Royals,Sunrisers Hyderabad,Rajasthan Royals,bat,Dubai International Cricket Stadium
Delhi Capitals,Kolkata Knight Riders,Kolkata Knight Riders,field,Sharjah Cricket Stadium
Punjab Kings,Mumbai Indians,Mumbai Indians,field,"Zayed Cricket Stadium, Abu Dhabi"
Rajasthan Royals,Royal Challengers Bangalore,Royal Challengers Bangalore,field,Dubai International Cricket Stadium
Sunrisers Hyderabad,Chennai Super Kings,Chennai Super Kings,field,Sharjah Cricket Stadium
Kolkata Knight Riders,Punjab Kings,Punjab Kings,field,Dubai International Cricket Stadium
Chennai Super Kings,Rajasthan Royals,Rajasthan Royals,field,"Zayed Cricket Stadium, Abu Dhabi"
Mumbai Indians,Delhi Capitals,Delhi Capitals,field,Sharjah Cricket Stadium
Royal Challengers Bangalore,Punjab Kings,Royal Challengers Bangalore,bat,Sharjah Cricket Stadium
Sunrisers Hyderabad,Kolkata Knight Riders,Sunrisers Hyderabad,bat,Dubai International Cricket Stadium
Chennai Super Kings,Delhi Capitals,Delhi Capitals,field,Dubai International Cricket Stadium
Rajasthan Royals,Mumbai Indians,Mumbai Indians,field,Sharjah Cricket Stadium
Sunrisers Hyderabad,Royal Challengers Bangalore,Royal Challengers Bangalore,field,"Zayed Cricket Stadium, Abu Dhabi"
Chennai Super Kings,Punjab Kings,Punjab Kings,field,Dubai International Cricket Stadium
Kolkata Knight Riders,Rajasthan Royals,Rajasthan Royals,field,Sharjah Cricket Stadium
Mumbai Indians,Sunrisers Hyderabad,Mumbai Indians,bat,"Zayed Cricket Stadium, Abu Dhabi"
Delhi Capitals,Royal Challengers Bangalore,Royal Challengers Bangalore,field,Dubai International Cricket Stadium
Delhi Capitals,Chennai Super Kings,Chennai Super Kings,field,Dubai International Cricket Stadium
Royal Challengers Bangalore,Kolkata Knight Riders,Royal Challengers Bangalore,bat,Sharjah Cricket Stadium
Delhi Capitals,Kolkata Knight Riders,Kolkata Knight Riders,field,Sharjah Cricket Stadium
Chennai Super Kings,Kolkata Knight Riders,Kolkata Knight Riders,field,Dubai International Cricket Stadium
Chennai Super Kings,Kolkata Knight Riders,Kolkata Knight Riders,field,"Wankhede Stadium, Mumbai"
Mumbai Indians,Delhi Capitals,Delhi Capitals,field,"Brabourne Stadium, Mumbai"
Royal Challengers Bangalore,Punjab Kings,Punjab Kings,field,"Dr DY Patil Sports Academy, Mumbai"
Rajasthan Royals,Sunrisers Hyderabad,Sunrisers Hyderabad,field,"Maharashtra Cricket Association Stadium, Pune"
Kolkata Knight Riders,Royal Challengers Bangalore,Royal Challengers Bangalore,field,"Dr DY Patil Sports Academy, Mumbai"
Punjab Kings,Kolkata Knight Riders,Kolkata Knight Riders,field,"Wankhede Stadium, Mumbai"
Rajasthan Royals,Mumbai Indians,Mumbai Indians,field,"Dr DY Patil Sports Academy, Mumbai"
Punjab Kings,Chennai Super Kings,Chennai Super Kings,field,"Brabourne Stadium, Mumbai"
Rajasthan Royals,Royal Challengers Bangalore,Royal Challengers Bangalore,field,"Wankhede Stadium, Mumbai"
Mumbai Indians,Kolkata Knight Riders,Kolkata Knight Riders,field,"Maharashtra Cricket Association Stadium, Pune"
Chennai Super Kings,Sunrisers Hyderabad,Sunrisers Hyderabad,field,"Dr DY Patil Sports Academy, Mumbai"
Mumbai Indians,Royal Challengers Bangalore,Royal Challengers Bangalore,field,"Maharashtra Cricket Association Stadium, Pune"
Delhi Capitals,Kolkata Knight Riders,Kolkata Knight Riders,field,"Brabourne Stadium, Mumbai"
Chennai Super Kings,Royal Challengers Bangalore,Royal Challengers Bangalore,field,"Dr DY Patil Sports Academy, Mumbai"
Punjab Kings,Mumbai Indians,Mumbai Indians,field,"Maharashtra Cricket Association Stadium, Pune"
Kolkata Knight Riders,Sunrisers Hyderabad,Sunrisers Hyderabad,field,"Brabourne Stadium, Mumbai"
Royal Challengers Bangalore,Delhi Capitals,Delhi Capitals,field,"Wankhede Stadium, Mumbai"
Punjab Kings,Sunrisers Hyderabad,Sunrisers Hyderabad,field,"Dr DY Patil Sports Academy, Mumbai"
Rajasthan Royals,Kolkata Knight Riders,Kolkata Knight Riders,field,"Brabourne Stadium, Mumbai"
Punjab Kings,Delhi Capitals,Delhi Capitals,field,"Brabourne Stadium, Mumbai"
Mumbai Indians,Chennai Super Kings,Chennai Super Kings,field,"Dr DY Patil Sports Academy, Mumbai"
Rajasthan Royals,Delhi Capitals,Delhi Capitals,field,"Wankhede Stadium, Mumbai"
Royal Challengers Bangalore,Sunrisers Hyderabad,Sunrisers Hyderabad,field,"Brabourne Stadium, Mumbai"
Punjab Kings,Chennai Super Kings,Chennai Super Kings,field,"Wankhede Stadium, Mumbai"
Rajasthan Royals,Royal Challengers Bangalore,Royal Challengers Bangalore,field,"Maharashtra Cricket Association Stadium, Pune"
Kolkata Knight Riders,Delhi Capitals,Delhi Capitals,field,"Wankhede Stadium, Mumbai"
Rajasthan Royals,Mumbai Indians,Mumbai Indians,field,"Dr DY Patil Sports Academy, Mumbai"
Chennai Super Kings,Sunrisers Hyderabad,Sunrisers Hyderabad,field,"Maharashtra Cricket Association Stadium, Pune"
Rajasthan Royals,Kolkata Knight Riders,Kolkata Knight Riders,field,"Wankhede Stadium, Mumbai"
Royal Challengers Bangalore,Chennai Super Kings,Chennai Super Kings,field,"Maharashtra Cricket Association Stadium, Pune"
Delhi Capitals,Sunrisers Hyderabad,Sunrisers Hyderabad,field,"Brabourne Stadium, Mumbai"
Punjab Kings,Rajasthan Royals,Punjab Kings,bat,"Wankhede Stadium, Mumbai"
Royal Challengers Bangalore,Sunrisers Hyderabad,Royal Challengers Bangalore,bat,"Wankhede Stadium, Mumbai"
Chennai Super Kings,Delhi Capitals,Delhi Capitals,field,"Dr DY Patil Sports Academy, Mumbai"
Kolkata Knight Riders,Mumbai Indians,Mumbai Indians,field,"Dr DY Patil Sports Academy, Mumbai"
Rajasthan Royals,Delhi Capitals,Delhi Capitals,field,"Dr DY Patil Sports Academy, Mumbai"
Chennai Super Kings,Mumbai Indians,Mumbai Indians,field,"Wankhede Stadium, Mumbai"
Punjab Kings,Royal Challengers Bangalore,Royal Challengers Bangalore,field,"Brabourne Stadium, Mumbai"
Kolkata Knight Riders,Sunrisers Hyderabad,Kolkata Knight Riders,bat,"Maharashtra Cricket Association Stadium, Pune"
Delhi Capitals,Punjab Kings,Punjab Kings,field,"Dr DY Patil Sports Academy, Mumbai"
Sunrisers Hyderabad,Mumbai Indians,Mumbai Indians,field,"Wankhede Stadium, Mumbai"
Chennai Super Kings,Rajasthan Royals,Chennai Super Kings,bat,"Brabourne Stadium, Mumbai"
Delhi Capitals,Mumbai Indians,Mumbai Indians,field,"Wankhede Stadium, Mumbai"
Sunrisers Hyderabad,Punjab Kings,Sunrisers Hyderabad,bat,"Wankhede Stadium, Mumbai"
Royal Challengers Bangalore,Rajasthan Royals,Rajasthan Royals,field,"Narendra Modi Stadium, Ahmedabad"
Punjab Kings,Kolkata Knight Riders,Kolkata Knight Riders,field,"Punjab Cricket Association IS Bindra Stadium, Mohali, Chandigarh"
Rajasthan Royals,Sunrisers Hyderabad,Sunrisers Hyderabad,field,"Rajiv Gandhi International Stadium, Uppal, Hyderabad"
Mumbai Indians,Royal Challengers Bangalore,Royal Challengers Bangalore,field,"M Chinnaswamy Stadium, Bengaluru"
Punjab Kings,Rajasthan Royals,Rajasthan Royals,field,"Barsapara Cricket Stadium, Guwahati"
Kolkata Knight Riders,Royal Challengers Bangalore,Royal Challengers Bangalore,field,"Eden Gardens, Kolkata"
Rajasthan Royals,Delhi Capitals,Delhi Capitals,field,"Barsapara Cricket Stadium, Guwahati"
Mumbai Indians,Chennai Super Kings,Chennai Super Kings,field,"Wankhede Stadium, Mumbai"
Punjab Kings,Sunrisers Hyderabad,Sunrisers Hyderabad,field,"Rajiv Gandhi International Stadium, Uppal, Hyderabad"
Delhi Capitals,Mumbai Indians,Mumbai Indians,field,"Arun Jaitley Stadium, Delhi"
Rajasthan Royals,Chennai Super Kings,Chennai Super Kings,field,"MA Chidambaram Stadium, Chepauk, Chennai"
Sunrisers Hyderabad,Kolkata Knight Riders,Kolkata Knight Riders,field,"Eden Gardens, Kolkata"
Royal Challengers Bangalore,Delhi Capitals,Delhi Capitals,field,"M Chinnaswamy Stadium, Bengaluru"
Kolkata Knight Riders,Mumbai Indians,Mumbai Indians,field,"Wankhede Stadium, Mumbai"
Chennai Super Kings,Royal Challengers Bangalore,Royal Challengers Bangalore,field,"M Chinnaswamy Stadium, Bengaluru"
Mumbai Indians,Sunrisers Hyderabad,Sunrisers Hyderabad,field,"Rajiv Gandhi International Stadium, Uppal, Hyderabad"
Royal Challengers Bangalore,Punjab Kings,Punjab Kings,field,"Punjab Cricket Association IS Bindra Stadium, Mohali, Chandigarh"
Kolkata Knight Riders,Delhi Capitals,Delhi Capitals,field,"Arun Jaitley Stadium, Delhi"
Sunrisers Hyderabad,Chennai Super Kings,Chennai Super Kings,field,"MA Chidambaram Stadium, Chepauk, Chennai"
Punjab Kings,Mumbai Indians,Mumbai Indians,field,"Wankhede Stadium, Mumbai"
Royal Challengers Bangalore,Rajasthan Royals,Rajasthan Royals,field,"M Chinnaswamy Stadium, Bengaluru"
Chennai Super Kings,Kolkata Knight Riders,Kolkata Knight Riders,field,"Eden Gardens, Kolkata"
Delhi Capitals,Sunrisers Hyderabad,Delhi Capitals,bat,"Rajiv Gandhi International Stadium, Uppal, Hyderabad"
Kolkata Knight Riders,Royal Challengers Bangalore,Royal Challengers Bangalore,field,"M Chinnaswamy Stadium, Bengaluru"
Rajasthan Royals,Chennai Super Kings,Rajasthan Royals,bat,"Sawai Mansingh Stadium, Jaipur"
Sunrisers Hyderabad,Delhi Capitals,Sunrisers Hyderabad,bat,"Arun Jaitley Stadium, Delhi"
Chennai Super Kings,Punjab Kings,Chennai Super Kings,bat,"MA Chidambaram Stadium, Chepauk, Chennai"
Rajasthan Royals,Mumbai Indians,Rajasthan Royals,bat,"Wankhede Stadium, Mumbai"
Punjab Kings,Mumbai Indians,Mumbai Indians,field,"Punjab Cricket Association IS Bindra Stadium, Mohali, Chandigarh"
Kolkata Knight Riders,Sunrisers Hyderabad,Kolkata Knight Riders,bat,"Rajiv Gandhi International Stadium, Uppal, Hyderabad"
Mumbai Indians,Chennai Super Kings,Chennai Super Kings,field,"MA Chidambaram Stadium, Chepauk, Chennai"
Royal Challengers Bangalore,Delhi Capitals,Royal Challengers Bangalore,bat,"Arun Jaitley Stadium, Delhi"
Rajasthan Royals,Sunrisers Hyderabad,Rajasthan Royals,bat,"Sawai Mansingh Stadium, Jaipur"
Punjab Kings,Kolkata Knight Riders,Punjab Kings,bat,"Eden Gardens, Kolkata"
Royal Challengers Bangalore,Mumbai Indians,Mumbai Indians,field,"Wankhede Stadium, Mumbai"
Chennai Super Kings,Delhi Capitals,Chennai Super Kings,bat,"MA Chidambaram Stadium, Chepauk, Chennai"
Kolkata Knight Riders,Rajasthan Royals,Rajasthan Royals,field,"Eden Gardens, Kolkata"
Punjab Kings,Delhi Capitals,Delhi Capitals,field,"Arun Jaitley Stadium, Delhi"
Royal Challengers Bangalore,Rajasthan Royals,Royal Challengers Bangalore,bat,"Sawai Mansingh Stadium, Jaipur"
Chennai Super Kings,Kolkata Knight Riders,Chennai Super Kings,bat,"MA Chidambaram Stadium, Chepauk, Chennai"
Delhi Capitals,Punjab Kings,Punjab Kings,field,"Himachal Pradesh Cricket Association Stadium, Dharamsala"
Sunrisers Hyderabad,Royal Challengers Bangalore,Royal Challengers Bangalore,field,"Rajiv Gandhi International Stadium, Uppal, Hyderabad"
Punjab Kings,Rajasthan Royals,Rajasthan Royals,field,"Himachal Pradesh Cricket Association Stadium, Dharamsala"
Chennai Super Kings,Delhi Capitals,Chennai Super Kings,bat,"Arun Jaitley Stadium, Delhi"
Sunrisers Hyderabad,Mumbai Indians,Mumbai Indians,field,"Wankhede Stadium, Mumbai"
Delhi Capitals,Punjab Kings,Punjab Kings,field,"Maharaja Yadavindra Singh International Cricket Stadium, Mullanpur"
Kolkata Knight Riders,Sunrisers Hyderabad,Sunrisers Hyderabad,field,"Eden Gardens, Kolkata"
Sunrisers Hyderabad,Mumbai Indians,Mumbai Indians,field,"Rajiv Gandhi International Stadium, Uppal, Hyderabad"
Rajasthan Royals,Delhi Capitals,Delhi Capitals,field,"Sawai Mansingh Stadium, Jaipur"
Delhi Capitals,Chennai Super Kings,Delhi Capitals,bat,"Dr. Y.S. Rajasekhara Reddy ACA-VDCA Cricket Stadium, Visakhapatnam"
Mumbai Indians,Rajasthan Royals,Rajasthan Royals,field,"Wankhede Stadium, Mumbai"
Kolkata Knight Riders,Delhi Capitals,Kolkata Knight Riders,bat,"Dr. Y.S. Rajasekhara Reddy ACA-VDCA Cricket Stadium, Visakhapatnam"
Chennai Super Kings,Sunrisers Hyderabad,Sunrisers Hyderabad,field,"Rajiv Gandhi International Stadium, Uppal, Hyderabad"
Mumbai Indians,Delhi Capitals,Delhi Capitals,field,"Wankhede Stadium, Mumbai"
Kolkata Knight Riders,Chennai Super Kings,Chennai Super Kings,field,"MA Chidambaram Stadium, Chepauk, Chennai"
Sunrisers Hyderabad,Punjab Kings,Punjab Kings,field,"Maharaja Yadavindra Singh International Cricket Stadium, Mullanpur"
Punjab Kings,Rajasthan Royals,Rajasthan Royals,field,"Maharaja Yadavindra Singh International Cricket Stadium, Mullanpur"
Chennai Super Kings,Mumbai Indians,Mumbai Indians,field,"Wankhede Stadium, Mumbai"
Kolkata Knight Riders,Rajasthan Royals,Rajasthan Royals,field,"Eden Gardens, Kolkata"
Mumbai Indians,Punjab Kings,Punjab Kings,field,"Maharaja Yadavindra Singh International Cricket Stadium, Mullanpur"
Sunrisers Hyderabad,Delhi Capitals,Delhi Capitals,field,"Arun Jaitley Stadium, Delhi"
Mumbai Indians,Rajasthan Royals,Mumbai Indians,bat,"Sawai Mansingh Stadium, Jaipur"
Kolkata Knight Riders,Punjab Kings,Punjab Kings,field,"Eden Gardens, Kolkata"
Delhi Capitals,Mumbai Indians,Mumbai Indians,field,"Arun Jaitley Stadium, Delhi"
Chennai Super Kings,Sunrisers Hyderabad,Sunrisers Hyderabad,field,"MA Chidambaram Stadium, Chepauk, Chennai"
Delhi Capitals,Kolkata Knight Riders,Delhi Capitals,bat,"Eden Gardens, Kolkata"
Chennai Super Kings,Punjab Kings,Punjab Kings,field,"MA Chidambaram Stadium, Chepauk, Chennai"
Sunrisers Hyderabad,Rajasthan Royals,Sunrisers Hyderabad,bat,"Rajiv Gandhi International Stadium, Uppal, Hyderabad"
Kolkata Knight Riders,Mumbai Indians,Mumbai Indians,field,"Wankhede Stadium, Mumbai"
Chennai Super Kings,Punjab Kings,Punjab Kings,field,"Himachal Pradesh Cricket Association Stadium, Dharamsala"
Sunrisers Hyderabad,Mumbai Indians,Mumbai Indians,field,"Wankhede Stadium, Mumbai"
Delhi Capitals,Rajasthan Royals,Rajasthan Royals,field,"Arun Jaitley Stadium, Delhi"
Kolkata Knight Riders,Mumbai Indians,Mumbai Indians,field,"Eden Gardens, Kolkata"
Rajasthan Royals,Chennai Super Kings,Rajasthan Royals,bat,"MA Chidambaram Stadium, Chepauk, Chennai"
Rajasthan Royals,Punjab Kings,Rajasthan Royals,bat,"Barsapara Cricket Stadium, Guwahati"
Punjab Kings,Sunrisers Hyderabad,Punjab Kings,bat,"Rajiv Gandhi International Stadium, Uppal, Hyderabad"
Sunrisers Hyderabad,Kolkata Knight Riders,Sunrisers Hyderabad,bat,"Narendra Modi Stadium, Ahmedabad"
Sunrisers Hyderabad,Rajasthan Royals,Rajasthan Royals,field,"MA Chidambaram Stadium, Chepauk, Chennai"
Sunrisers Hyderabad,Kolkata Knight Riders,Sunrisers Hyderabad,bat,"MA Chidambaram Stadium, Chepauk, Chennai"
